{"cameraMode":{"drawMode":0,"name":"Shaded","section":"Shading Mode"},"sceneLighting":false,"audioPlay":false,"sceneViewState":{"showFog":false,"showMaterialUpdate":false,"showSkybox":false,"showFlares":false,"showImageEffects":false,"showParticleSystems":false,"showVisualEffectGraphs":true,"m_FxEnabled":true},"in2DMode":false,"pivot":{"x":-0.13322515785694123,"y":0.9483852386474609,"z":0.09054559469223023},"rotation":{"x":-0.001914433902129531,"y":-0.9951199293136597,"z":0.019414866343140603,"w":-0.09702354669570923},"size":1.3422037363052369,"orthographic":true}