{"cameraMode":{"drawMode":0,"name":"Shaded","section":"Shading Mode"},"sceneLighting":false,"audioPlay":false,"sceneViewState":{"showFog":false,"showMaterialUpdate":false,"showSkybox":false,"showFlares":false,"showImageEffects":false,"showParticleSystems":false,"showVisualEffectGraphs":true,"m_FxEnabled":true},"in2DMode":false,"pivot":{"x":-1.4736446142196656,"y":0.8953496217727661,"z":-6.971424102783203},"rotation":{"x":-0.00007983958494151011,"y":-0.9977713823318481,"z":-0.0011875004274770618,"w":0.06687171757221222},"size":5.311290740966797,"orthographic":false}